<?xml version="1.0" encoding="UTF-8"?>
<endpoint name="QueryDoctorEP" xmlns="http://ws.apache.org/ns/synapse">
    <http method="get" statistics="enable" trace="enable" uri-template="http://localhost:9090/healthcare/{uri.var.category}">
        <suspendOnFailure>
            <initialDuration>-1</initialDuration>
            <progressionFactor>1.0</progressionFactor>
        </suspendOnFailure>
        <markForSuspension>
            <retriesBeforeSuspension>0</retriesBeforeSuspension>
        </markForSuspension>
    </http>
</endpoint>
